{"cameraMode":{"drawMode":0,"name":"Shaded","section":"Shading Mode"},"sceneLighting":false,"audioPlay":false,"sceneViewState":{"m_AlwaysRefresh":false,"showFog":true,"showSkybox":true,"showFlares":true,"showImageEffects":true,"showParticleSystems":true,"showVisualEffectGraphs":true,"m_FxEnabled":true},"in2DMode":false,"pivot":{"x":11.802467346191407,"y":6.630471229553223,"z":46.551788330078128},"rotation":{"x":0.12272768467664719,"y":-0.031845495104789737,"z":0.003926109056919813,"w":0.9919367432594299},"size":42.314964294433597,"orthographic":false}