{"cameraMode":{"drawMode":0,"name":"Shaded","section":"Shading Mode"},"sceneLighting":false,"audioPlay":false,"sceneViewState":{"m_AlwaysRefresh":false,"showFog":true,"showSkybox":false,"showFlares":true,"showImageEffects":true,"showParticleSystems":true,"showVisualEffectGraphs":true,"m_FxEnabled":true},"in2DMode":false,"pivot":{"x":-0.24100017547607423,"y":0.28600025177001955,"z":-0.43000030517578127},"rotation":{"x":0.18645554780960084,"y":-0.7975953817367554,"z":0.4847382605075836,"w":0.3067937195301056},"size":0.9794966578483582,"orthographic":false}