{"cameraMode":{"drawMode":0,"name":"Shaded","section":"Shading Mode"},"sceneLighting":true,"audioPlay":false,"sceneViewState":{"m_AlwaysRefresh":false,"showFog":true,"showSkybox":false,"showFlares":true,"showImageEffects":true,"showParticleSystems":true,"showVisualEffectGraphs":true,"m_FxEnabled":true},"in2DMode":false,"pivot":{"x":0.0012116730213165284,"y":-0.032327622175216678,"z":0.0815708190202713},"rotation":{"x":0.11269479990005493,"y":0.6974764466285706,"z":-0.11247799545526505,"w":0.6987295150756836},"size":0.5317562818527222,"orthographic":true}